{
  "num_step_records": 79,
  "num_epoch_records": 1,
  "early_stopped": false,
  "best_model_path": "D:\\codex\\multimodal-examples\\outputs\\probe_trainonly_512x8_bs64\\best_model.pth",
  "first_step_loss": 2.1480677127838135,
  "last_step_loss": 0.219301238656044,
  "last_step_cuda_max_allocated_mb": 4545.66,
  "first_epoch_mean_loss": 0.9108648967893818,
  "last_epoch_mean_loss": 0.9108648967893818,
  "best_epoch": 1,
  "best_epoch_mean_loss": 0.9108648967893818,
  "last_epoch_seconds": 11.991084814071655
}