{
  "num_step_records": 6260,
  "num_epoch_records": 20,
  "early_stopped": false,
  "best_model_path": null,
  "first_step_loss": 1.5744847059249878,
  "last_step_loss": 0.11462056636810303,
  "last_step_cuda_max_allocated_mb": 4202.47,
  "first_epoch_mean_loss": 0.3686000757133618,
  "last_epoch_mean_loss": 0.13376986191343196,
  "best_epoch": 17,
  "best_epoch_mean_loss": 0.13296665012027128,
  "last_epoch_seconds": 5.880284309387207
}